Type,Name,Request Count,Failure Count,Median Response Time,Average Response Time,Min Response Time,Max Response Time,Average Content Size,Requests/s,Failures/s,50%,66%,75%,80%,90%,95%,98%,99%,99.9%,99.99%,100%
GET,/resource/123e4567-e89b-12d3-a456-426614174000/,75617,0,93,112.35110340129754,60.25458000112849,4019.3769870002143,26.0,22.19762111045783,0.0,93,110,130,140,160,190,240,280,450,2400,4000
,Aggregated,75617,0,93,112.35110340129754,60.25458000112849,4019.3769870002143,26.0,22.19762111045783,0.0,93,110,130,140,160,190,240,280,450,2400,4000
