Type,Name,Request Count,Failure Count,Median Response Time,Average Response Time,Min Response Time,Max Response Time,Average Content Size,Requests/s,Failures/s,50%,66%,75%,80%,90%,95%,98%,99%,99.9%,99.99%,100%
GET,/resource/123e4567-e89b-12d3-a456-426614174000/,446048,1,96,124.20541038488085,2.7500429860083386,2261.0316570062423,25.999941710309205,49.559066482573265,0.0001111070254380095,96,130,150,150,200,250,320,370,610,1400,2300
,Aggregated,446048,1,96,124.20541038488085,2.7500429860083386,2261.0316570062423,25.999941710309205,49.559066482573265,0.0001111070254380095,96,130,150,150,200,250,320,370,610,1400,2300
