Type,Name,Request Count,Failure Count,Median Response Time,Average Response Time,Min Response Time,Max Response Time,Average Content Size,Requests/s,Failures/s,50%,66%,75%,80%,90%,95%,98%,99%,99.9%,99.99%,100%
POST,/default/predict/,1395,0,130.0,125.88276946021442,96.43029200003639,527.5107919999868,17.0,3.141103736318775,0.0,130,130,130,130,140,150,170,190,330,530,530
,Aggregated,1395,0,130.0,125.88276946021442,96.43029200003639,527.5107919999868,17.0,3.141103736318775,0.0,130,130,130,130,140,150,170,190,330,530,530
