Type,Name,Request Count,Failure Count,Median Response Time,Average Response Time,Min Response Time,Max Response Time,Average Content Size,Requests/s,Failures/s,50%,66%,75%,80%,90%,95%,98%,99%,99.9%,99.99%,100%
GET,/resource/123e4567-e89b-12d3-a456-426614174000/,377455,0,100.0,119.90754388966789,66.86506498954259,2191.32504198933,26.0,45.95260806549622,0.0,100,120,140,150,170,220,270,320,480,860,2200
,Aggregated,377455,0,100.0,119.90754388966789,66.86506498954259,2191.32504198933,26.0,45.95260806549622,0.0,100,120,140,150,170,220,270,320,480,860,2200
