Type,Name,Request Count,Failure Count,Median Response Time,Average Response Time,Min Response Time,Max Response Time,Average Content Size,Requests/s,Failures/s,50%,66%,75%,80%,90%,95%,98%,99%,99.9%,99.99%,100%
GET,/resource/123e4567-e89b-12d3-a456-426614174000/,101221,3,98,113.27081083928059,66.86706699838396,9035.5427100003,26.009069264283102,25.20644033579001,0.0007470714674560618,98,100,130,150,180,230,300,360,750,4600,9000
,Aggregated,101221,3,98,113.27081083928059,66.86706699838396,9035.5427100003,26.009069264283102,25.20644033579001,0.0007470714674560618,98,100,130,150,180,230,300,360,750,4600,9000
