Type,Name,Request Count,Failure Count,Median Response Time,Average Response Time,Min Response Time,Max Response Time,Average Content Size,Requests/s,Failures/s,50%,66%,75%,80%,90%,95%,98%,99%,99.9%,99.99%,100%
GET,/resource/123e4567-e89b-12d3-a456-426614174000/,321078,0,110.0,157.40795444625522,66.60518300031981,3901.4370219992998,26.0,41.272182054753735,0.0,110,160,180,210,290,390,510,610,950,2000,3900
,Aggregated,321078,0,110.0,157.40795444625522,66.60518300031981,3901.4370219992998,26.0,41.272182054753735,0.0,110,160,180,210,290,390,510,610,950,2000,3900
