Type,Name,Request Count,Failure Count,Median Response Time,Average Response Time,Min Response Time,Max Response Time,Average Content Size,Requests/s,Failures/s,50%,66%,75%,80%,90%,95%,98%,99%,99.9%,99.99%,100%
GET,/resource/123e4567-e89b-12d3-a456-426614174000/,277553,0,100.0,124.54588743206455,66.68779899973742,5512.524827000561,26.0,39.59972991509622,0.0,100,130,150,160,180,220,280,310,470,1500,5500
,Aggregated,277553,0,100.0,124.54588743206455,66.68779899973742,5512.524827000561,26.0,39.59972991509622,0.0,100,130,150,160,180,220,280,310,470,1500,5500
