Type,Name,Request Count,Failure Count,Median Response Time,Average Response Time,Min Response Time,Max Response Time,Average Content Size,Requests/s,Failures/s,50%,66%,75%,80%,90%,95%,98%,99%,99.9%,99.99%,100%
GET,/resource/123e4567-e89b-12d3-a456-426614174000/,66411,4,130.0,252.79600340085443,66.4245749994734,9036.733963000188,26.01843068166418,28.50437823069726,0.0017168468013249165,130,200,280,350,580,820,1200,1600,2700,4800,9000
,Aggregated,66411,4,130.0,252.79600340085443,66.4245749994734,9036.733963000188,26.01843068166418,28.50437823069726,0.0017168468013249165,130,200,280,350,580,820,1200,1600,2700,4800,9000
