Type,Name,Request Count,Failure Count,Median Response Time,Average Response Time,Min Response Time,Max Response Time,Average Content Size,Requests/s,Failures/s,50%,66%,75%,80%,90%,95%,98%,99%,99.9%,99.99%,100%
GET,/resource/123e4567-e89b-12d3-a456-426614174000/,67598,4,140.0,254.5241628958911,64.70727900159545,6022.479606006527,26.01810704458712,27.001413679760667,0.001597764056910599,140,220,300,380,590,800,1100,1300,2700,4700,6000
,Aggregated,67598,4,140.0,254.5241628958911,64.70727900159545,6022.479606006527,26.01810704458712,27.001413679760667,0.001597764056910599,140,220,300,380,590,800,1100,1300,2700,4700,6000
