Type,Name,Request Count,Failure Count,Median Response Time,Average Response Time,Min Response Time,Max Response Time,Average Content Size,Requests/s,Failures/s,50%,66%,75%,80%,90%,95%,98%,99%,99.9%,99.99%,100%
GET,/resource/123e4567-e89b-12d3-a456-426614174000/,451653,1,92,116.36014569682943,2.0304240024415776,2587.2051530022873,25.999942433682495,50.18350644630334,0.0001111107563689455,92,120,140,150,190,250,320,390,730,1500,2600
,Aggregated,451653,1,92,116.36014569682943,2.0304240024415776,2587.2051530022873,25.999942433682495,50.18350644630334,0.0001111107563689455,92,120,140,150,190,250,320,390,730,1500,2600
