Type,Name,Request Count,Failure Count,Median Response Time,Average Response Time,Min Response Time,Max Response Time,Average Content Size,Requests/s,Failures/s,50%,66%,75%,80%,90%,95%,98%,99%,99.9%,99.99%,100%
GET,/resource/123e4567-e89b-12d3-a456-426614174000/,430354,0,100.0,146.97820051065827,66.46728800114943,30169.74203200516,26.0,47.816038997819284,0.0,100,140,160,180,270,370,510,640,1300,2300,30000
,Aggregated,430354,0,100.0,146.97820051065827,66.46728800114943,30169.74203200516,26.0,47.816038997819284,0.0,100,140,160,180,270,370,510,640,1300,2300,30000
