Type,Name,Request Count,Failure Count,Median Response Time,Average Response Time,Min Response Time,Max Response Time,Average Content Size,Requests/s,Failures/s,50%,66%,75%,80%,90%,95%,98%,99%,99.9%,99.99%,100%
GET,/resource/123e4567-e89b-12d3-a456-426614174000/,161539,10,100.0,131.96088327817517,66.75101299970265,9036.901569999827,26.01894279400021,31.10585556673667,0.0019255941640555325,100,120,140,160,190,240,310,380,4600,4700,9000
,Aggregated,161539,10,100.0,131.96088327817517,66.75101299970265,9036.901569999827,26.01894279400021,31.10585556673667,0.0019255941640555325,100,120,140,160,190,240,310,380,4600,4700,9000
