Type,Name,Request Count,Failure Count,Median Response Time,Average Response Time,Min Response Time,Max Response Time,Average Content Size,Requests/s,Failures/s,50%,66%,75%,80%,90%,95%,98%,99%,99.9%,99.99%,100%
GET,/resource/123e4567-e89b-12d3-a456-426614174000/,335065,0,92,126.15481465612672,64.31059399983496,2888.7011569995593,26.0,43.20641511375319,0.0,92,100,110,130,210,350,590,760,1300,1800,2900
,Aggregated,335065,0,92,126.15481465612672,64.31059399983496,2888.7011569995593,26.0,43.20641511375319,0.0,92,100,110,130,210,350,590,760,1300,1800,2900
